id,name,time,arrival,date
1,Ashwanth S,08:06:17,Present,2026-08-01
2,Arun K,08:11:49,Present,2026-08-01
3,Bharath R,08:52:17,Late,2026-08-01
4,Dinesh P,08:13:53,Present,2026-08-01
5,Gokul M,08:04:24,Present,2026-08-01
6,Harish V,09:08:35,Late,2026-08-01
7,Karthik S,08:42:21,Late,2026-08-01
8,Lokesh K,08:06:10,Present,2026-08-01
9,Manoj R,08:17:21,Present,2026-08-01
10,Naveen P,09:11:21,Late,2026-08-01
11,Praveen S,08:31:10,Late,2026-08-01
12,Rahul M,08:00:57,Present,2026-08-01
13,Sanjay K,08:55:49,Late,2026-08-01
14,Sathish R,08:11:56,Present,2026-08-01
15,Surya P,08:48:04,Late,2026-08-01
16,Vignesh S,08:00:20,Present,2026-08-01
17,Vishnu K,08:57:06,Late,2026-08-01
18,Yogesh M,08:05:05,Present,2026-08-01
19,Ajay R,08:18:08,Present,2026-08-01
20,Kavin S,08:02:18,Present,2026-08-01
21,Ashwanth S,08:55:36,Late,2026-08-02
22,Arun K,09:01:16,Late,2026-08-02
23,Bharath R,09:00:53,Late,2026-08-02
24,Dinesh P,08:04:49,Present,2026-08-02
25,Gokul M,08:39:21,Late,2026-08-02
26,Harish V,09:06:51,Late,2026-08-02
27,Karthik S,09:01:13,Late,2026-08-02
28,Lokesh K,09:07:36,Late,2026-08-02
29,Manoj R,08:40:00,Late,2026-08-02
30,Naveen P,08:50:57,Late,2026-08-02
31,Praveen S,09:05:27,Late,2026-08-02
32,Rahul M,09:08:40,Late,2026-08-02
33,Sanjay K,09:02:33,Late,2026-08-02
34,Sathish R,08:53:23,Late,2026-08-02
35,Surya P,09:05:02,Late,2026-08-02
36,Vignesh S,08:23:46,Present,2026-08-02
37,Vishnu K,08:10:58,Present,2026-08-02
38,Yogesh M,09:02:42,Late,2026-08-02
39,Ajay R,08:33:10,Late,2026-08-02
40,Kavin S,08:42:21,Late,2026-08-02
41,Ashwanth S,09:10:25,Late,2026-08-03
42,Arun K,08:09:46,Present,2026-08-03
43,Bharath R,08:58:24,Late,2026-08-03
44,Dinesh P,09:13:49,Late,2026-08-03
45,Gokul M,08:43:01,Late,2026-08-03
46,Harish V,08:24:37,Present,2026-08-03
47,Karthik S,08:11:53,Present,2026-08-03
48,Lokesh K,08:46:00,Late,2026-08-03
49,Manoj R,08:45:14,Late,2026-08-03
50,Naveen P,08:51:34,Late,2026-08-03
51,Praveen S,09:04:46,Late,2026-08-03
52,Rahul M,08:07:40,Present,2026-08-03
53,Sanjay K,08:36:31,Late,2026-08-03
54,Sathish R,08:29:34,Present,2026-08-03
55,Surya P,09:01:11,Late,2026-08-03
56,Vignesh S,08:19:34,Present,2026-08-03
57,Vishnu K,08:56:24,Late,2026-08-03
58,Yogesh M,08:59:02,Late,2026-08-03
59,Ajay R,08:01:08,Present,2026-08-03
60,Kavin S,08:58:12,Late,2026-08-03
61,Ashwanth S,08:02:16,Present,2026-08-04
62,Arun K,08:45:43,Late,2026-08-04
63,Bharath R,08:34:27,Late,2026-08-04
64,Dinesh P,08:53:00,Late,2026-08-04
65,Gokul M,08:13:39,Present,2026-08-04
66,Harish V,08:08:32,Present,2026-08-04
67,Karthik S,08:45:45,Late,2026-08-04
68,Lokesh K,08:11:05,Present,2026-08-04
69,Manoj R,08:55:57,Late,2026-08-04
70,Naveen P,08:01:50,Present,2026-08-04
71,Praveen S,09:08:24,Late,2026-08-04
72,Rahul M,08:09:34,Present,2026-08-04
73,Sanjay K,08:51:01,Late,2026-08-04
74,Sathish R,08:41:16,Late,2026-08-04
75,Surya P,09:00:02,Late,2026-08-04
76,Vignesh S,09:11:21,Late,2026-08-04
77,Vishnu K,08:53:22,Late,2026-08-04
78,Yogesh M,08:03:40,Present,2026-08-04
79,Ajay R,08:20:56,Present,2026-08-04
80,Kavin S,08:53:04,Late,2026-08-04
81,Ashwanth S,08:18:23,Present,2026-08-05
82,Arun K,08:30:47,Late,2026-08-05
83,Bharath R,08:10:52,Present,2026-08-05
84,Dinesh P,08:07:48,Present,2026-08-05
85,Gokul M,09:06:24,Late,2026-08-05
86,Harish V,09:08:19,Late,2026-08-05
87,Karthik S,08:18:58,Present,2026-08-05
88,Lokesh K,08:37:49,Late,2026-08-05
89,Manoj R,08:49:23,Late,2026-08-05
90,Naveen P,08:16:34,Present,2026-08-05
91,Praveen S,08:43:33,Late,2026-08-05
92,Rahul M,08:15:40,Present,2026-08-05
93,Sanjay K,08:21:51,Present,2026-08-05
94,Sathish R,09:15:24,Late,2026-08-05
95,Surya P,08:55:03,Late,2026-08-05
96,Vignesh S,08:17:29,Present,2026-08-05
97,Vishnu K,08:02:22,Present,2026-08-05
98,Yogesh M,08:57:55,Late,2026-08-05
99,Ajay R,08:57:19,Late,2026-08-05
100,Kavin S,08:54:50,Late,2026-08-05
101,Ashwanth S,08:03:10,Present,2026-08-06
102,Arun K,09:06:20,Late,2026-08-06
103,Bharath R,09:06:32,Late,2026-08-06
104,Dinesh P,09:11:08,Late,2026-08-06
105,Gokul M,08:43:32,Late,2026-08-06
106,Harish V,08:13:34,Present,2026-08-06
107,Karthik S,08:47:14,Late,2026-08-06
108,Lokesh K,09:12:21,Late,2026-08-06
109,Manoj R,08:11:17,Present,2026-08-06
110,Naveen P,09:04:15,Late,2026-08-06
111,Praveen S,08:26:56,Present,2026-08-06
112,Rahul M,08:41:16,Late,2026-08-06
113,Sanjay K,08:50:02,Late,2026-08-06
114,Sathish R,09:04:05,Late,2026-08-06
115,Surya P,08:25:32,Present,2026-08-06
116,Vignesh S,08:25:48,Present,2026-08-06
117,Vishnu K,08:02:12,Present,2026-08-06
118,Yogesh M,08:34:36,Late,2026-08-06
119,Ajay R,08:29:05,Present,2026-08-06
120,Kavin S,08:40:05,Late,2026-08-06
121,Ashwanth S,08:43:35,Late,2026-08-07
122,Arun K,09:08:08,Late,2026-08-07
123,Bharath R,09:08:08,Late,2026-08-07
124,Dinesh P,09:01:31,Late,2026-08-07
125,Gokul M,08:50:49,Late,2026-08-07
126,Harish V,08:03:16,Present,2026-08-07
127,Karthik S,09:13:55,Late,2026-08-07
128,Lokesh K,09:02:21,Late,2026-08-07
129,Manoj R,08:50:58,Late,2026-08-07
130,Naveen P,08:28:53,Present,2026-08-07
131,Praveen S,09:04:59,Late,2026-08-07
132,Rahul M,08:16:39,Present,2026-08-07
133,Sanjay K,08:00:57,Present,2026-08-07
134,Sathish R,09:03:21,Late,2026-08-07
135,Surya P,09:14:07,Late,2026-08-07
136,Vignesh S,08:06:23,Present,2026-08-07
137,Vishnu K,08:58:23,Late,2026-08-07
138,Yogesh M,08:53:20,Late,2026-08-07
139,Ajay R,08:45:13,Late,2026-08-07
140,Kavin S,08:57:21,Late,2026-08-07
141,Ashwanth S,08:24:52,Present,2026-08-08
142,Arun K,08:23:24,Present,2026-08-08
143,Bharath R,08:07:53,Present,2026-08-08
144,Dinesh P,08:53:24,Late,2026-08-08
145,Gokul M,09:04:16,Late,2026-08-08
146,Harish V,08:22:54,Present,2026-08-08
147,Karthik S,09:11:24,Late,2026-08-08
148,Lokesh K,08:47:04,Late,2026-08-08
149,Manoj R,08:37:07,Late,2026-08-08
150,Naveen P,08:33:32,Late,2026-08-08
151,Praveen S,08:41:03,Late,2026-08-08
152,Rahul M,08:48:03,Late,2026-08-08
153,Sanjay K,09:15:24,Late,2026-08-08
154,Sathish R,08:38:06,Late,2026-08-08
155,Surya P,08:59:36,Late,2026-08-08
156,Vignesh S,08:41:15,Late,2026-08-08
157,Vishnu K,08:57:17,Late,2026-08-08
158,Yogesh M,08:56:36,Late,2026-08-08
159,Ajay R,09:13:22,Late,2026-08-08
160,Kavin S,08:31:44,Late,2026-08-08
161,Ashwanth S,08:58:32,Late,2026-08-09
162,Arun K,09:13:57,Late,2026-08-09
163,Bharath R,08:35:21,Late,2026-08-09
164,Dinesh P,08:06:11,Present,2026-08-09
165,Gokul M,08:15:01,Present,2026-08-09
166,Harish V,08:54:42,Late,2026-08-09
167,Karthik S,09:03:46,Late,2026-08-09
168,Lokesh K,08:16:30,Present,2026-08-09
169,Manoj R,09:08:02,Late,2026-08-09
170,Naveen P,09:00:34,Late,2026-08-09
171,Praveen S,08:18:20,Present,2026-08-09
172,Rahul M,08:47:57,Late,2026-08-09
173,Sanjay K,08:28:38,Present,2026-08-09
174,Sathish R,08:04:29,Present,2026-08-09
175,Surya P,09:04:57,Late,2026-08-09
176,Vignesh S,08:36:45,Late,2026-08-09
177,Vishnu K,09:14:57,Late,2026-08-09
178,Yogesh M,08:01:20,Present,2026-08-09
179,Ajay R,08:49:14,Late,2026-08-09
180,Kavin S,08:08:55,Present,2026-08-09
181,Ashwanth S,08:32:18,Late,2026-08-10
182,Arun K,08:21:26,Present,2026-08-10
183,Bharath R,08:45:27,Late,2026-08-10
184,Dinesh P,08:05:38,Present,2026-08-10
185,Gokul M,08:01:31,Present,2026-08-10
186,Harish V,08:21:12,Present,2026-08-10
187,Karthik S,08:05:17,Present,2026-08-10
188,Lokesh K,09:07:10,Late,2026-08-10
189,Manoj R,09:07:53,Late,2026-08-10
190,Naveen P,08:24:19,Present,2026-08-10
191,Praveen S,09:03:55,Late,2026-08-10
192,Rahul M,08:59:14,Late,2026-08-10
193,Sanjay K,08:36:33,Late,2026-08-10
194,Sathish R,08:11:06,Present,2026-08-10
195,Surya P,08:56:39,Late,2026-08-10
196,Vignesh S,09:09:35,Late,2026-08-10
197,Vishnu K,08:35:51,Late,2026-08-10
198,Yogesh M,08:24:33,Present,2026-08-10
199,Ajay R,08:08:40,Present,2026-08-10
200,Kavin S,08:50:26,Late,2026-08-10
201,Ashwanth S,08:57:07,Late,2026-08-11
202,Arun K,08:07:36,Present,2026-08-11
203,Bharath R,08:55:48,Late,2026-08-11
204,Dinesh P,08:55:33,Late,2026-08-11
205,Gokul M,08:45:09,Late,2026-08-11
206,Harish V,09:03:08,Late,2026-08-11
207,Karthik S,08:24:59,Present,2026-08-11
208,Lokesh K,08:27:15,Present,2026-08-11
209,Manoj R,08:04:15,Present,2026-08-11
210,Naveen P,08:26:04,Present,2026-08-11
211,Praveen S,08:51:59,Late,2026-08-11
212,Rahul M,08:03:00,Present,2026-08-11
213,Sanjay K,08:52:41,Late,2026-08-11
214,Sathish R,08:41:35,Late,2026-08-11
215,Surya P,08:03:02,Present,2026-08-11
216,Vignesh S,08:31:46,Late,2026-08-11
217,Vishnu K,08:55:44,Late,2026-08-11
218,Yogesh M,08:37:59,Late,2026-08-11
219,Ajay R,08:23:19,Present,2026-08-11
220,Kavin S,08:14:18,Present,2026-08-11
221,Ashwanth S,08:41:13,Late,2026-08-12
222,Arun K,09:05:01,Late,2026-08-12
223,Bharath R,08:46:50,Late,2026-08-12
224,Dinesh P,08:19:29,Present,2026-08-12
225,Gokul M,08:28:26,Present,2026-08-12
226,Harish V,08:28:32,Present,2026-08-12
227,Karthik S,08:55:25,Late,2026-08-12
228,Lokesh K,09:11:12,Late,2026-08-12
229,Manoj R,08:49:04,Late,2026-08-12
230,Naveen P,09:03:55,Late,2026-08-12
231,Praveen S,08:05:18,Present,2026-08-12
232,Rahul M,08:17:30,Present,2026-08-12
233,Sanjay K,08:13:08,Present,2026-08-12
234,Sathish R,08:15:29,Present,2026-08-12
235,Surya P,08:45:35,Late,2026-08-12
236,Vignesh S,08:02:28,Present,2026-08-12
237,Vishnu K,09:06:22,Late,2026-08-12
238,Yogesh M,08:36:23,Late,2026-08-12
239,Ajay R,08:27:24,Present,2026-08-12
240,Kavin S,08:06:06,Present,2026-08-12
241,Ashwanth S,09:05:53,Late,2026-08-13
242,Arun K,08:12:37,Present,2026-08-13
243,Bharath R,08:41:47,Late,2026-08-13
244,Dinesh P,08:10:49,Present,2026-08-13
245,Gokul M,08:26:24,Present,2026-08-13
246,Harish V,08:23:26,Present,2026-08-13
247,Karthik S,08:16:56,Present,2026-08-13
248,Lokesh K,09:00:08,Late,2026-08-13
249,Manoj R,08:00:10,Present,2026-08-13
250,Naveen P,08:11:21,Present,2026-08-13
251,Praveen S,08:04:06,Present,2026-08-13
252,Rahul M,08:18:14,Present,2026-08-13
253,Sanjay K,08:58:27,Late,2026-08-13
254,Sathish R,08:25:42,Present,2026-08-13
255,Surya P,08:51:03,Late,2026-08-13
256,Vignesh S,08:07:09,Present,2026-08-13
257,Vishnu K,08:14:29,Present,2026-08-13
258,Yogesh M,08:11:08,Present,2026-08-13
259,Ajay R,08:05:22,Present,2026-08-13
260,Kavin S,08:56:51,Late,2026-08-13
261,Ashwanth S,08:26:52,Present,2026-08-14
262,Arun K,08:30:15,Late,2026-08-14
263,Bharath R,08:55:21,Late,2026-08-14
264,Dinesh P,08:18:05,Present,2026-08-14
265,Gokul M,08:01:18,Present,2026-08-14
266,Harish V,08:41:42,Late,2026-08-14
267,Karthik S,08:51:22,Late,2026-08-14
268,Lokesh K,08:29:52,Present,2026-08-14
269,Manoj R,08:07:03,Present,2026-08-14
270,Naveen P,09:10:04,Late,2026-08-14
271,Praveen S,08:14:59,Present,2026-08-14
272,Rahul M,08:31:18,Late,2026-08-14
273,Sanjay K,08:30:08,Late,2026-08-14
274,Sathish R,09:11:50,Late,2026-08-14
275,Surya P,08:00:50,Present,2026-08-14
276,Vignesh S,09:09:16,Late,2026-08-14
277,Vishnu K,08:53:35,Late,2026-08-14
278,Yogesh M,08:47:23,Late,2026-08-14
279,Ajay R,08:16:54,Present,2026-08-14
280,Kavin S,08:53:56,Late,2026-08-14
281,Ashwanth S,08:04:38,Present,2026-08-15
282,Arun K,08:37:22,Late,2026-08-15
283,Bharath R,08:40:44,Late,2026-08-15
284,Dinesh P,08:00:51,Present,2026-08-15
285,Gokul M,08:44:32,Late,2026-08-15
286,Harish V,08:00:41,Present,2026-08-15
287,Karthik S,08:37:05,Late,2026-08-15
288,Lokesh K,08:48:46,Late,2026-08-15
289,Manoj R,08:23:39,Present,2026-08-15
290,Naveen P,08:41:28,Late,2026-08-15
291,Praveen S,08:13:46,Present,2026-08-15
292,Rahul M,09:08:12,Late,2026-08-15
293,Sanjay K,08:51:40,Late,2026-08-15
294,Sathish R,08:09:12,Present,2026-08-15
295,Surya P,08:26:46,Present,2026-08-15
296,Vignesh S,08:45:27,Late,2026-08-15
297,Vishnu K,09:01:18,Late,2026-08-15
298,Yogesh M,09:10:34,Late,2026-08-15
299,Ajay R,08:20:24,Present,2026-08-15
300,Kavin S,08:03:16,Present,2026-08-15
301,Ashwanth S,08:03:48,Present,2026-08-16
302,Arun K,08:20:49,Present,2026-08-16
303,Bharath R,08:24:23,Present,2026-08-16
304,Dinesh P,08:23:06,Present,2026-08-16
305,Gokul M,08:17:45,Present,2026-08-16
306,Harish V,08:12:17,Present,2026-08-16
307,Karthik S,08:15:57,Present,2026-08-16
308,Lokesh K,08:09:23,Present,2026-08-16
309,Manoj R,08:07:58,Present,2026-08-16
310,Naveen P,08:32:23,Late,2026-08-16
311,Praveen S,08:16:16,Present,2026-08-16
312,Rahul M,08:52:05,Late,2026-08-16
313,Sanjay K,08:33:33,Late,2026-08-16
314,Sathish R,09:10:55,Late,2026-08-16
315,Surya P,08:15:42,Present,2026-08-16
316,Vignesh S,09:08:07,Late,2026-08-16
317,Vishnu K,08:42:18,Late,2026-08-16
318,Yogesh M,08:39:28,Late,2026-08-16
319,Ajay R,08:30:00,Present,2026-08-16
320,Kavin S,08:11:53,Present,2026-08-16
321,Ashwanth S,08:14:39,Present,2026-08-17
322,Arun K,08:12:59,Present,2026-08-17
323,Bharath R,08:56:53,Late,2026-08-17
324,Dinesh P,08:49:52,Late,2026-08-17
325,Gokul M,08:45:43,Late,2026-08-17
326,Harish V,08:23:52,Present,2026-08-17
327,Karthik S,08:16:24,Present,2026-08-17
328,Lokesh K,08:00:26,Present,2026-08-17
329,Manoj R,08:26:15,Present,2026-08-17
330,Naveen P,08:00:51,Present,2026-08-17
331,Praveen S,08:53:08,Late,2026-08-17
332,Rahul M,08:10:11,Present,2026-08-17
333,Sanjay K,09:08:17,Late,2026-08-17
334,Sathish R,08:53:10,Late,2026-08-17
335,Surya P,08:49:52,Late,2026-08-17
336,Vignesh S,08:39:04,Late,2026-08-17
337,Vishnu K,08:03:07,Present,2026-08-17
338,Yogesh M,09:12:25,Late,2026-08-17
339,Ajay R,08:34:36,Late,2026-08-17
340,Kavin S,08:06:40,Present,2026-08-17
341,Ashwanth S,09:09:45,Late,2026-08-18
342,Arun K,08:24:56,Present,2026-08-18
343,Bharath R,08:39:19,Late,2026-08-18
344,Dinesh P,09:10:50,Late,2026-08-18
345,Gokul M,08:43:01,Late,2026-08-18
346,Harish V,08:18:19,Present,2026-08-18
347,Karthik S,08:36:56,Late,2026-08-18
348,Lokesh K,08:25:27,Present,2026-08-18
349,Manoj R,08:27:31,Present,2026-08-18
350,Naveen P,08:05:27,Present,2026-08-18
351,Praveen S,08:08:55,Present,2026-08-18
352,Rahul M,08:19:10,Present,2026-08-18
353,Sanjay K,08:06:35,Present,2026-08-18
354,Sathish R,08:28:57,Present,2026-08-18
355,Surya P,08:08:28,Present,2026-08-18
356,Vignesh S,09:14:12,Late,2026-08-18
357,Vishnu K,08:51:36,Late,2026-08-18
358,Yogesh M,08:55:45,Late,2026-08-18
359,Ajay R,09:08:23,Late,2026-08-18
360,Kavin S,08:09:53,Present,2026-08-18
361,Ashwanth S,08:27:05,Present,2026-08-19
362,Arun K,08:56:02,Late,2026-08-19
363,Bharath R,09:08:59,Late,2026-08-19
364,Dinesh P,08:39:44,Late,2026-08-19
365,Gokul M,08:03:13,Present,2026-08-19
366,Harish V,08:04:09,Present,2026-08-19
367,Karthik S,09:07:06,Late,2026-08-19
368,Lokesh K,08:06:53,Present,2026-08-19
369,Manoj R,08:52:51,Late,2026-08-19
370,Naveen P,09:00:39,Late,2026-08-19
371,Praveen S,08:49:21,Late,2026-08-19
372,Rahul M,08:23:41,Present,2026-08-19
373,Sanjay K,08:51:27,Late,2026-08-19
374,Sathish R,08:13:05,Present,2026-08-19
375,Surya P,08:05:13,Present,2026-08-19
376,Vignesh S,08:19:42,Present,2026-08-19
377,Vishnu K,08:17:50,Present,2026-08-19
378,Yogesh M,09:14:19,Late,2026-08-19
379,Ajay R,08:46:32,Late,2026-08-19
380,Kavin S,08:53:45,Late,2026-08-19
381,Ashwanth S,08:33:18,Late,2026-08-20
382,Arun K,08:52:54,Late,2026-08-20
383,Bharath R,08:23:34,Present,2026-08-20
384,Dinesh P,09:07:54,Late,2026-08-20
385,Gokul M,09:10:05,Late,2026-08-20
386,Harish V,08:00:56,Present,2026-08-20
387,Karthik S,09:14:38,Late,2026-08-20
388,Lokesh K,08:18:33,Present,2026-08-20
389,Manoj R,08:12:29,Present,2026-08-20
390,Naveen P,08:31:40,Late,2026-08-20
391,Praveen S,09:10:30,Late,2026-08-20
392,Rahul M,08:03:23,Present,2026-08-20
393,Sanjay K,08:37:51,Late,2026-08-20
394,Sathish R,08:59:23,Late,2026-08-20
395,Surya P,08:36:53,Late,2026-08-20
396,Vignesh S,09:08:48,Late,2026-08-20
397,Vishnu K,09:12:37,Late,2026-08-20
398,Yogesh M,08:43:12,Late,2026-08-20
399,Ajay R,08:21:02,Present,2026-08-20
400,Kavin S,08:47:03,Late,2026-08-20
401,Ashwanth S,09:14:06,Late,2026-08-21
402,Arun K,09:02:51,Late,2026-08-21
403,Bharath R,08:47:48,Late,2026-08-21
404,Dinesh P,08:53:42,Late,2026-08-21
405,Gokul M,08:22:57,Present,2026-08-21
406,Harish V,08:13:42,Present,2026-08-21
407,Karthik S,08:09:14,Present,2026-08-21
408,Lokesh K,09:13:24,Late,2026-08-21
409,Manoj R,08:17:32,Present,2026-08-21
410,Naveen P,08:12:48,Present,2026-08-21
411,Praveen S,09:02:59,Late,2026-08-21
412,Rahul M,09:07:48,Late,2026-08-21
413,Sanjay K,08:29:56,Present,2026-08-21
414,Sathish R,09:07:31,Late,2026-08-21
415,Surya P,08:42:20,Late,2026-08-21
416,Vignesh S,08:53:50,Late,2026-08-21
417,Vishnu K,08:34:21,Late,2026-08-21
418,Yogesh M,09:01:11,Late,2026-08-21
419,Ajay R,08:30:06,Late,2026-08-21
420,Kavin S,08:06:44,Present,2026-08-21
421,Ashwanth S,09:06:45,Late,2026-08-22
422,Arun K,08:18:23,Present,2026-08-22
423,Bharath R,08:05:08,Present,2026-08-22
424,Dinesh P,08:18:51,Present,2026-08-22
425,Gokul M,08:21:43,Present,2026-08-22
426,Harish V,08:51:47,Late,2026-08-22
427,Karthik S,08:22:49,Present,2026-08-22
428,Lokesh K,09:11:56,Late,2026-08-22
429,Manoj R,08:31:32,Late,2026-08-22
430,Naveen P,08:23:49,Present,2026-08-22
431,Praveen S,09:02:32,Late,2026-08-22
432,Rahul M,08:00:30,Present,2026-08-22
433,Sanjay K,08:19:17,Present,2026-08-22
434,Sathish R,08:44:43,Late,2026-08-22
435,Surya P,09:04:40,Late,2026-08-22
436,Vignesh S,08:56:14,Late,2026-08-22
437,Vishnu K,08:08:27,Present,2026-08-22
438,Yogesh M,09:00:25,Late,2026-08-22
439,Ajay R,08:40:03,Late,2026-08-22
440,Kavin S,08:54:55,Late,2026-08-22
441,Ashwanth S,08:53:44,Late,2026-08-23
442,Arun K,08:11:20,Present,2026-08-23
443,Bharath R,08:56:29,Late,2026-08-23
444,Dinesh P,08:01:07,Present,2026-08-23
445,Gokul M,08:04:45,Present,2026-08-23
446,Harish V,08:45:23,Late,2026-08-23
447,Karthik S,08:41:49,Late,2026-08-23
448,Lokesh K,08:30:44,Late,2026-08-23
449,Manoj R,09:10:44,Late,2026-08-23
450,Naveen P,09:11:30,Late,2026-08-23
451,Praveen S,09:15:44,Late,2026-08-23
452,Rahul M,08:43:42,Late,2026-08-23
453,Sanjay K,08:29:02,Present,2026-08-23
454,Sathish R,08:23:08,Present,2026-08-23
455,Surya P,08:57:12,Late,2026-08-23
456,Vignesh S,09:00:27,Late,2026-08-23
457,Vishnu K,08:01:22,Present,2026-08-23
458,Yogesh M,08:16:17,Present,2026-08-23
459,Ajay R,08:45:34,Late,2026-08-23
460,Kavin S,08:39:43,Late,2026-08-23
461,Ashwanth S,08:09:22,Present,2026-08-24
462,Arun K,08:26:50,Present,2026-08-24
463,Bharath R,08:06:07,Present,2026-08-24
464,Dinesh P,09:11:08,Late,2026-08-24
465,Gokul M,09:06:00,Late,2026-08-24
466,Harish V,09:02:32,Late,2026-08-24
467,Karthik S,08:53:25,Late,2026-08-24
468,Lokesh K,09:03:04,Late,2026-08-24
469,Manoj R,08:24:11,Present,2026-08-24
470,Naveen P,08:44:14,Late,2026-08-24
471,Praveen S,08:42:44,Late,2026-08-24
472,Rahul M,08:53:47,Late,2026-08-24
473,Sanjay K,09:02:07,Late,2026-08-24
474,Sathish R,08:50:04,Late,2026-08-24
475,Surya P,08:45:32,Late,2026-08-24
476,Vignesh S,08:48:06,Late,2026-08-24
477,Vishnu K,08:25:16,Present,2026-08-24
478,Yogesh M,08:11:44,Present,2026-08-24
479,Ajay R,08:15:23,Present,2026-08-24
480,Kavin S,08:22:12,Present,2026-08-24
481,Ashwanth S,08:10:55,Present,2026-08-25
482,Arun K,08:08:27,Present,2026-08-25
483,Bharath R,08:57:59,Late,2026-08-25
484,Dinesh P,08:55:28,Late,2026-08-25
485,Gokul M,08:05:26,Present,2026-08-25
486,Harish V,08:06:06,Present,2026-08-25
487,Karthik S,08:38:32,Late,2026-08-25
488,Lokesh K,08:50:24,Late,2026-08-25
489,Manoj R,08:42:23,Late,2026-08-25
490,Naveen P,08:44:04,Late,2026-08-25
491,Praveen S,08:42:38,Late,2026-08-25
492,Rahul M,08:23:07,Present,2026-08-25
493,Sanjay K,08:03:28,Present,2026-08-25
494,Sathish R,08:50:32,Late,2026-08-25
495,Surya P,08:41:02,Late,2026-08-25
496,Vignesh S,08:26:51,Present,2026-08-25
497,Vishnu K,08:36:20,Late,2026-08-25
498,Yogesh M,08:36:09,Late,2026-08-25
499,Ajay R,08:40:38,Late,2026-08-25
500,Kavin S,09:00:23,Late,2026-08-25
501,Ashwanth S,08:28:34,Present,2026-08-26
502,Arun K,08:04:39,Present,2026-08-26
503,Bharath R,09:00:53,Late,2026-08-26
504,Dinesh P,08:19:13,Present,2026-08-26
505,Gokul M,08:42:15,Late,2026-08-26
506,Harish V,09:00:35,Late,2026-08-26
507,Karthik S,08:28:54,Present,2026-08-26
508,Lokesh K,08:39:58,Late,2026-08-26
509,Manoj R,08:20:12,Present,2026-08-26
510,Naveen P,08:59:30,Late,2026-08-26
511,Praveen S,08:42:30,Late,2026-08-26
512,Rahul M,08:57:29,Late,2026-08-26
513,Sanjay K,08:34:27,Late,2026-08-26
514,Sathish R,08:37:05,Late,2026-08-26
515,Surya P,08:50:55,Late,2026-08-26
516,Vignesh S,08:59:06,Late,2026-08-26
517,Vishnu K,08:41:24,Late,2026-08-26
518,Yogesh M,09:12:36,Late,2026-08-26
519,Ajay R,09:07:08,Late,2026-08-26
520,Kavin S,08:29:49,Present,2026-08-26
521,Ashwanth S,08:07:10,Present,2026-08-27
522,Arun K,08:53:50,Late,2026-08-27
523,Bharath R,09:05:28,Late,2026-08-27
524,Dinesh P,08:34:38,Late,2026-08-27
525,Gokul M,08:30:49,Late,2026-08-27
526,Harish V,08:37:11,Late,2026-08-27
527,Karthik S,09:06:15,Late,2026-08-27
528,Lokesh K,08:53:51,Late,2026-08-27
529,Manoj R,08:10:37,Present,2026-08-27
530,Naveen P,08:49:35,Late,2026-08-27
531,Praveen S,08:08:23,Present,2026-08-27
532,Rahul M,08:59:44,Late,2026-08-27
533,Sanjay K,08:17:10,Present,2026-08-27
534,Sathish R,08:44:44,Late,2026-08-27
535,Surya P,09:15:08,Late,2026-08-27
536,Vignesh S,08:17:51,Present,2026-08-27
537,Vishnu K,08:38:26,Late,2026-08-27
538,Yogesh M,08:19:10,Present,2026-08-27
539,Ajay R,08:58:17,Late,2026-08-27
540,Kavin S,08:29:39,Present,2026-08-27
541,Ashwanth S,08:25:18,Present,2026-08-28
542,Arun K,08:24:37,Present,2026-08-28
543,Bharath R,08:06:48,Present,2026-08-28
544,Dinesh P,08:39:59,Late,2026-08-28
545,Gokul M,08:24:39,Present,2026-08-28
546,Harish V,08:57:01,Late,2026-08-28
547,Karthik S,08:23:10,Present,2026-08-28
548,Lokesh K,08:42:39,Late,2026-08-28
549,Manoj R,08:20:20,Present,2026-08-28
550,Naveen P,08:05:06,Present,2026-08-28
551,Praveen S,08:31:02,Late,2026-08-28
552,Rahul M,08:44:13,Late,2026-08-28
553,Sanjay K,08:10:11,Present,2026-08-28
554,Sathish R,08:59:27,Late,2026-08-28
555,Surya P,08:22:06,Present,2026-08-28
556,Vignesh S,09:11:33,Late,2026-08-28
557,Vishnu K,08:06:38,Present,2026-08-28
558,Yogesh M,08:30:41,Late,2026-08-28
559,Ajay R,08:13:26,Present,2026-08-28
560,Kavin S,08:19:15,Present,2026-08-28
561,Ashwanth S,08:39:10,Late,2026-08-29
562,Arun K,08:57:48,Late,2026-08-29
563,Bharath R,08:16:37,Present,2026-08-29
564,Dinesh P,08:47:47,Late,2026-08-29
565,Gokul M,08:51:01,Late,2026-08-29
566,Harish V,09:02:19,Late,2026-08-29
567,Karthik S,08:55:27,Late,2026-08-29
568,Lokesh K,08:20:58,Present,2026-08-29
569,Manoj R,09:12:09,Late,2026-08-29
570,Naveen P,08:24:14,Present,2026-08-29
571,Praveen S,08:38:47,Late,2026-08-29
572,Rahul M,08:56:32,Late,2026-08-29
573,Sanjay K,08:18:43,Present,2026-08-29
574,Sathish R,09:15:44,Late,2026-08-29
575,Surya P,08:25:10,Present,2026-08-29
576,Vignesh S,09:07:10,Late,2026-08-29
577,Vishnu K,08:29:31,Present,2026-08-29
578,Yogesh M,08:15:06,Present,2026-08-29
579,Ajay R,08:38:40,Late,2026-08-29
580,Kavin S,08:22:44,Present,2026-08-29
581,Ashwanth S,08:02:31,Present,2026-08-30
582,Arun K,08:51:14,Late,2026-08-30
583,Bharath R,09:10:40,Late,2026-08-30
584,Dinesh P,08:29:50,Present,2026-08-30
585,Gokul M,08:55:58,Late,2026-08-30
586,Harish V,08:09:50,Present,2026-08-30
587,Karthik S,08:34:16,Late,2026-08-30
588,Lokesh K,09:11:19,Late,2026-08-30
589,Manoj R,08:34:15,Late,2026-08-30
590,Naveen P,08:19:39,Present,2026-08-30
591,Praveen S,08:26:12,Present,2026-08-30
592,Rahul M,08:01:42,Present,2026-08-30
593,Sanjay K,08:11:26,Present,2026-08-30
594,Sathish R,09:05:19,Late,2026-08-30
595,Surya P,09:02:04,Late,2026-08-30
596,Vignesh S,08:23:29,Present,2026-08-30
597,Vishnu K,08:41:32,Late,2026-08-30
598,Yogesh M,08:09:27,Present,2026-08-30
599,Ajay R,09:09:19,Late,2026-08-30
600,Kavin S,08:12:48,Present,2026-08-30
